Que tuani majeeeeeeeeeeeeee,1 year ago
Â @tavomontana3302Â  Por pensamientos como el tuyo tenemos a toda LatinoamÃ©rica con una crisis de inseguridad ciudadana.,1 year ago (edited)
De Nervios!.Pero Excellente Reportaje!..ğŸ‘ğŸ™,1 year ago
Â @dari_colombiano5163Â  no entiendes y el hecho de ser ricos y usar a los desprotegidos y confundidos eso los absuelve ??,1 year ago (edited)
Â¡Ahora los videos vienen en diferentes idiomas! Para cambiarlos pica en la rueda de â€œconfiguraciÃ³nâ€ selecciona â€œpista de audioâ€ y elige la de tu preferencia ğŸ˜ CompÃ¡rtelo con tus amigos de otros paÃ­ses ğŸŒğŸ”¥,1 year ago
"Â @tavomontana3302Â  tipico pensamiento progre que el delincuente es producto de la desigualdad y falta de oportunidades osea de los ""ricos"" de los que con esfuerzo han logrado tener algun bien.  Decir que el pobre es por culpa de los ricos es como decir que tu eres feo por culpa de Brad Pitt.",1 year ago (edited)
Uff con esto aumentaran algo mÃ¡s tus visualizaciones y tus vÃ­deos valen la pena mirar,1 year ago
Realmente muchos latinoamericanos te envidian y desean un presidente como el tuyo siÃ©ntete realmente ORGULLOSO  de tu paÃ­s y tu presidente saludos dsd Bolivia.,1 year ago
Wow que chido ğŸ˜,1 year ago
"Que bueno Moisesluv q gracias a Dios  que no le pasÃ² nada  por eso  da enojo q la gente hablÃ¨ sin saber  lo que es vivir  entre criminales.
Agradecemos a Dios por el Presidente Nayib Bukele q Dios  le sabiduria como le diÃ² a Salomon  para q siga governance El Salvador",1 year ago
â€‹Â @halfevil661Â ğŸ˜‚ğŸ˜‚ğŸ˜‚,1 year ago (edited)
Como Chileno te puedo decir con un presidente socialista estamos asÃ­ con miedo de salir de la casa por lo que se necesita un Bukele urgente en Chile y ojalÃ¡ en toda sudamerica...,1 year ago
Â @tavomontana3302Â ellos son asesinos  y violadores  respeta la dignidad de las familias que perdieron a un ser querido por esos criminales,1 year ago (edited)
â€‹Â @braulio2rodasgarcia369Â  uff sÃºper inofensivas solo mataban  descuartiban secuestraban y controlaban gran territorio,1 year ago (edited)
Y todo el mundo .,1 year ago
Me encanto su comentario  porque ay juntÃ© viviendo en el salvador.  Que disen ahhhhh pero todo caro. Y me molesta  porq. Pregonero la seguridad.  Y luego la economÃ­a promero Dios  le dÃ© mucha vida. A nuestro presidente.   Bukele.   Lloro de alegria  por el bien q estÃ¡ el paÃ­s. Bendiciones.,1 year ago
Dios proteja a LatinoamÃ©rica porque si siguen asÃ­ va a haber mÃ¡s gente dentro que fuera. â¤ğŸŒŸ,1 year ago
muchos por eso salimos de el paÃ­s despuÃ©s que nos hicieron daÃ±o  que perdimos seres queridos mis hijos me los dejaron sin su padre que lo amaban con el alma  despuÃ©s de todo el daÃ±o que nos hicieron tubimos aparte que abandonar nuestras casas por miedo,1 year ago
â€‹Â @tavomontana3302Â el tener una razÃ³n no te da derecho a hacerlo,1 year ago (edited)
Que bueno que se haga justicia ojalÃ¡ en MÃ©xico se haga algo similar,1 year ago
Â @JuniorVindelÂ obvio no pero al ser un paÃ­s muchÃ­simo mÃ¡s grande como mexico lo normal es imaginarse que tienen mÃ¡s recursos para poder atacar la violencia que los que tiene un paÃ­s pequeÃ±o como El Salvador no?,1 year ago (edited)
Ya se abra dado cuenta que se IsaÃ­ viral solo por un comentario que iso?ğŸ˜…,1 year ago
â€‹Â @Luis_51Â la cosa es que ahÃ­ no ay solo asesinos tambiÃ©n ay falsos positivos y gente por sospecha. Por otro lado si esa cÃ¡rcel sirviera para algo los Ã­ndices de crimen hubieran bajado pero es todo lo contrario antes aumentaron (estadÃ­sticas de la onu) tener un campo de concentraciÃ³n no sirve de nada si cosas como la economÃ­a la calidad de vida y el fÃ¡cil acceso al aprendizaje faltan.,1 year ago (edited)
"Â @tavomontana3302Â 
Victimas son las  personas que ellos lastimaron.",1 year ago (edited)
No se porque muchas personas se apiadan de esta gente y lea da lÃ¡stima a ellos no le importo nada para cometer sus crÃ­menes entonces no mereces que le cojan lastima ğŸ˜’ğŸ˜’ğŸ˜’,1 year ago
En varias partes del video hay reclusos que hacen gestos con la boca segun el video de lethal crysis lo hacen para enviar mensajes al exterior y el lo censuro,1 year ago
Nesecitamos un Bukele en MÃ©xico,1 year ago
Buen reportaje Luisito para quienes hemos vivido todo esto es una alegrÃ­a pensar que el dÃ­a de hoy es cosa del pasado Dios quiera que esta paz que hoy se respira no acabe nunca!!!,1 year ago
â€‹Â @luismonthez3178Â  Â¿Por quÃ© muchos lo tildan de dictador?,1 year ago (edited)
Me quedÃ© con ganas de que tardarÃ¡ mÃ¡s el vÃ­deo es muy interesante y me hubiera gustado mucho que dieras tu opiniÃ³n sobre la comida que te dieron a probar...,1 year ago
luisito comunica yo se que no ves los mensaje espero que vea el mi quiero ser youtube,1 year ago
"Los doblajes son extremadamente parecidos.
Â¿CuÃ¡ntos idiomas los haces tÃº mismo? IncreÃ­ble",1 year ago
Un presidente con mano dura es un ejemplos para los padres educar a tus hijos para que no sean unos delincuentes sean gente de bien y respeten sean buenos seres humanos,1 year ago
O povo salvadoleno foi libertado.,1 year ago
Oye Luisito te sentiste como las feministas empoderada.,1 year ago
â€‹Â @tavomontana3302Â  me indigna su comentario,1 year ago (edited)
Â @victorm777ifyÂ  por quÃ© odias a los ricos?,1 year ago (edited)
LETHAL CRISIS es un canÃ¡l real. El tuyo es puro maniqueÃ­smo con explicaciones simplistas. No me sorprenderÃ­a que el vlogger de LC  hable mejor el inglÃ©s ademÃ¡s.,1 year ago (edited)
"â€‹Â @NeodexGoldÂ No la prensa internacional siempre critica por cambiar unas leyes y por reelegirse como presidente ""inconstitucionalmente""",1 year ago (edited)
Â @JESÃšSROLDÃN9Â  Estas demasiado molesto veo que el problema lo tiene otro.,1 year ago (edited)
"Cada uno toma su decisiÃ³n
Escoger lo bueno oh lo malo",1 year ago
Impresionante!,1 year ago
"ğŸ˜‚ğŸ˜‚ğŸ˜‚ğŸ˜‚ğŸ˜‚ğŸ˜‚ğŸ˜‚ğŸ˜‚ğŸ˜‚ğŸ˜‚
Calma dios estÃ¡ con vos",1 year ago
PER FAVORE IO LO BISOGNO IN ITALIANO.,1 year ago
No,1 year ago
Son vÃ­ctimas de sus condiciones materiales no digo que esto justifique sus acciones pero sin duda debemos tomarlo en cuenta. MÃ¡s aÃºn estar conscientes de que siguen siendo seres humanos.,1 year ago
Soy dominicanapero me siento muy feliz por ustedes porque por fin pueden pasear las calles sin miedo porque sus hijos estÃ¡n segurosfelicitaciones de todo corazÃ³n y felicitaciones al presidente Bukele por hacerlo tan bienğŸ‰â¤,1 year ago
ğŸ‰ğŸ˜‚ 6:01 ğŸ˜‚ 6:02 ğŸ˜‚ 6:02 6:11 ğŸ˜‚ 6:11 6:12 ğŸ˜‚,3 months ago
En ese tiempo me vine yo del Salvador,1 year ago
En Colombia hace falta una cÃ¡rcel como esta.,1 year ago
El presidente que Costa Rica necesita en estos momentos el mejor del mundo.  ğŸ˜Š,1 year ago
Demasiada informaciÃ³n del penal de mÃ¡xima seguridad del salvador deberias de borrar el vÃ­deo ..!!!,1 year ago
Te amo,1 year ago
No poes un verdadero castigo  pero ordenado.,6 months ago
Gracias luisito yo saque a mis hijos de el salvador de niÃ±os por que las pandillas ni los niÃ±os perdonaron jamÃ¡s âŒï¸ me alegra que paguen por todos sus crÃ­menes y que se pudran en la cÃ¡rcel,1 year ago
"â€‹Â @Arbes_Â  como puede ser uno tan ciego ? 
Ni hablar  la reseta decia una vez a la semana y las de esquizo cada 8 horas",1 year ago
Â @carlosfrei7318Â  conozco esos casos pero no entiendo mucho el punto de eso.,1 year ago (edited)
â€‹Â @tavomontana3302Â  me pica la mano,1 year ago (edited)
Hablas muy bien el Ruso,1 year ago
No hay derechos humanos en ese paÃ­s ????,1 year ago
Â @NikawalniÂ  tu vil fanatismo politiquero es impresionante,1 year ago (edited)
Â @NeodexGoldÂ lo critican los que defienden los derechos humanos segÃºn que por el trato que se les da a estas lacras.,1 year ago (edited)
Poreso da coraje cuando los gorgojos de la oposiciÃ³n decian que la seguridad mo se come. Que los metan presos a esos corruptos tambiÃ©n,1 year ago
"â€‹Â @tavomontana3302Â te faltÃ³ decir
Atte:mi familiar marero estÃ¡ adentro era un inocenteğŸ˜¢ğŸ˜‚",1 year ago (edited)
Felicidades hermano,1 year ago
ğŸ˜®ğŸ˜®ğŸ˜®,7 months ago
"@VictorABalan Â¿Sabes quÃ© necesita LATAM? El mantenimiento usual de cualquier cosa que se construya o servicio que imparta. A Bukele no deberÃ­a de celebrarse tan temprano por una idea que ha sido llevada a cabo desde cientos de dÃ©cadas atrÃ¡s es muy temprana su celebraciÃ³n pues celebrado serÃ­a si la prisiÃ³n permanece en su estado actual.

El problema de la delincuencia no sÃ³lo se soluciona con prisiones sino tambiÃ©n con la buena estrategia y administraciÃ³n de recursos que un paÃ­s tenga para mantenerlas yyyyy a su gente....es economÃ­a bro es complicada . Apoyar a un polÃ­tico por hacer mÃ¡s cÃ¡rceles es como pedir que se imprima mÃ¡s dinero XD......es la cuestiÃ³n administrativa de los recursos para su poblaciÃ³n que de ser buena tiene que ser aplaudida no sÃ³lo una prisiÃ³n mÃ¡s.",1 year ago
"ğŸ˜¢ ojalÃ¡ que llegue aquÃ­ uno como Ã©l se comenta en las esquinas de mi adorada ğŸï¸ isla del encuentro que ha pasado a ser del espanto ğŸ˜¢!!
Me alegro por todos ustedes..",1 year ago
Eso si es una cÃ¡rcel y un castigo merecido eso faltaen MÃ©xico y latinoamerica un presidente con huevos y es lo que se merecen esos infelices ver si cara atravez de los barrotes me da felicidad,1 year ago
Cuales derechos esos ya no tienen ningÃºn derecho ni a vivir,1 year ago
Deseo eso tambiÃ©n para mi paÃ­s RepÃºblica Dominicana. Se lo pido a Dios de todo corazÃ³n y que esto que hoy El Salvador vive tambiÃ©n lo vivan todos los paÃ­ses del Mundo. â¤,12 days ago
Todos los paÃ­ses necesitan algo asÃ­ solo falta desicion! ğŸ‘ğŸ½,4 months ago
Soy del salvador y fue desde 1998,1 year ago
Eso mismo estÃ¡ pasando ahora mismo en Ecuador ğŸ˜¢ es muy triste y muy fuerte,1 year ago
si luicito benistes ami pais otravez me ubiera gustado estar el la biblioteca para conoserte,1 year ago
Felicidades al presidente bukele a todos los salvadoreÃ±os y a todos los que hicieron un buen trabajo en equipo ğŸ‘ para que su paÃ­s este con tranquilidad prosperidad y la paz y pronto tendrÃ¡n mÃ¡s seguridad de dia y de noche y espero que nuestro mexico este libre  algÃºn dÃ­a estaremos tranquilos y salir por el dÃ­a y noche y desaparezca para siempre delincuencia robos crimen organizado corrupciÃ³n trafico de infantes armas y  drogas  inseguridad  narcotrafico   violencia  secuestro  feminicidios homicidios y asesinatos por favor algÃºn dÃ­a mexico tendrÃ¡ la seguridad y prosperidad para que los nuevos ciclos de felicidad lleguen te lo mando de todo corazÃ³n â¤ y esta es mi peticiÃ³n y que dios proteja al paÃ­s centroamericano el salvador ğŸ‡¸ğŸ‡»ğŸ™ y que nuestro mexicoğŸ‡²ğŸ‡½ pronto llegara la paz saludos desde la comunidad de San Diego de las trasquilas  San JosÃ© Iturbide Guanajuato ğŸ˜Š,1 year ago
perdio calidad el sonido original,1 year ago
Â @luismonthez3178Â  espero que un dia no tan lejano a Mexico llegue un presidente asi y terminar con tanto crimen organizado que asesinan inocentes.,1 year ago (edited)
Me aventÃ© todo el video en inglÃ©s y despuÃ©s mire el comentario ğŸ™ƒğŸ¤£,1 year ago
"Para un paÃ­s pequeÃ±o se necesitan acciones pequeÃ±as!
No compares a el salvador con MÃ©xico o colombia por quÃ© son muy distintos los casos. Es realmente mÃ¡s difÃ­cil mantener el orden en paÃ­ses mÃ¡s grandes... El salvador apenas llega a los 6.3 millones de habitantes mientras que MÃ©xico supera los 130 millones o colombia que supera los 50 millones. Simplemente no hay comparaciÃ³n ni si quiera en el entorno social",1 year ago
"â€‹Â @aracelisfuenmayor6399Â los ""derechos humanos""",1 year ago (edited)
Â @luisantonioperezarredondo1961Â  dÃ©jame ver tienes un familiar que es pandillero y estÃ¡ preso ğŸ¤£,1 year ago (edited)
"Dijiste la definiciÃ³n  correcta a tu sentir  ""empoderamiento"" me parece que es porque en nuestro hermoso paÃ­s estamos viviendo y a situaciÃ³n de inseguridad horrible y yo por lo menos pienso desde hace  mucho que aquÃ­ deberÃ­a de ser asÃ­ no tenemos porque alimentar con nuestros  impuestos a quien nos hace tanto daÃ±o fÃ­sicamente y como Sociedad nos roban la tranquilidad y la libertad y cuando entran a la cÃ¡rcel salen peor porque entran literal a aprender como perfeccionar mÃ¡s y mÃ¡s sus delitos salen siendo de todo! AsÃ­ que el hecho de que los separen por peligrosidad  y que ganen sus alimentos es lo mejor que vivan un verdadero encierro que sueÃ±o para MÃ©xico que estÃ¡ a merced de tanta delincuencia gracias por mostrarnos esa realidad y lo mucho que ha cambiado ese paÃ­s",1 year ago
creo que si a esos locos los vuelven a sacar a la calle no matarian ni una mosca,1 year ago
Viva El Salvador!,1 year ago
"No estoy defendiendo a los delincuentes. 
Estoy lejos de eso.
Pero creo que Bukele no tendrÃ¡ presupuesto para atender a tanto enfermo. No puedes tener a seres humanos durmiendo en camas de cemento por aÃ±os.
Tampoco alimentarlos de ese modo. 
Seguro que ellos alimentas odio rencor 6 deseos de venganza. 
Creo que esta cÃ¡rcel es una muestra de inhumanidad.
Puedes tenerlos presos y hacerlos pagar sus delitos pero habrÃ¡ muchas formas de hacerlos Ãºtiles a la sociedad.",1 year ago
Sin duda si el crimen en mexico sigue asÃ­ abra un secot like si crees lo mismoğŸ‘,1 year ago
Viva BUKELE!!!ğŸ‘ğŸ¼ğŸ‘ğŸ¼ğŸ‘ğŸ¼ğŸ‘ğŸ¼,1 year ago
"Mis respectos para ese presidente
En MÃ©xico necesitamos algo asÃ­.",1 year ago
Esta genial la IA en japonÃ©s Luisillo âœŒï¸,1 year ago
Todos cometemos errores en esta vida no deberÃ­an vivir asÃ­...ni un colchÃ³n para dormir bien dÃ³nde esta. Los derech9s humanos,1 year ago
Una reelecciÃ³n ilegal y pagarle a un youtuber propaganda punitivista. No pos wow.,1 year ago
Vente a panamÃ¡ luisito visita una cÃ¡rcel de PanamÃ¡ filma PanamÃ¡,1 year ago
Â @LuisMarioMolinavincesÂ es muy difÃ­cil cuando no hay oportunidades eso estÃ¡ claro mÃ¡s en LatinoamÃ©rica pero tampoco justifica los asesinatos violaciones y demÃ¡s crÃ­menes que cometieron.,1 year ago (edited)
â€‹Â @tavomontana3302Â  Ellos eligieron matar a otras personas se merecen su castigo actual aparte tampoco los estÃ¡n golpeando u agrediendo solo los privaron de su libertad en extremo,1 year ago (edited)
EstÃ¡  bien asÃ­ deberÃ­an ser las cÃ¡rceles en  MÃ©xico y los anexos  que no estÃ¡n regulados y comen bien hay gente En el mundo que mueren de hambre.. asÃ­ deberÃ­a ser tambiÃ©n para los malos funcionarios,1 year ago
Â @tavomontana3302Â yo estuve viviendo en El Salvador y todo mundo me decÃ­a que encerraron a un montÃ³n de inocentes ğŸ«£ claro que hay personas de las pandillas perooo muchas personas me comentaron eso,1 year ago (edited)
Lo que perdio el salvador se lo paso a peru en delincuensia jaja,4 months ago
Cuando yo fui donde mi abuela mi tÃ­o vive al lado de ella osea tiene la casa a la par de mi abu ya era de noche como las 11 algo por ahÃ­ le dispararon ala puerta de mi tÃ­o y salimos a ver y vimos a alguien corriendo pero no supimos quien era menos mal no le cayo a nadie la bala,1 year ago
â€‹@jorgeroldan3596 Personas inocentes? Realmente crees que es tan fÃ¡cil cuando hay investigaciones evidencias e incluso los mismos presos contienen tatuajes de sus bandas criminales???,1 year ago
â€‹,1 year ago
Necesita! pero jamÃ¡s serÃ­a una realidad.jamÃ¡s ni en mil vidas podrÃ­a un presidente como bukele gobernar de esa forma a un PaÃ­s como MÃ©xico u otros paÃ­ses ğŸ˜‚ğŸ¤£ğŸ¤£,1 year ago
EL doblaje en Ingles esta Bien culey con TU voz luisito it sounds horrible AF N irritating ğŸ˜‚ğŸ˜‚,1 year ago
Ese es un buen uso de la inteligencia artificial.,1 year ago
En ruso que cagado de risa 2:56,1 year ago
Soy de Ecuador. Yo creo que la seguridad es una de las cosas mÃ¡s importantes porque de verdad sea como sea no hay mejor cosa   que poder salir con tranquilidad por las calles sin tener ansiedad de que pase algo y realmente espero que acÃ¡ tambn pueda mejorar eso un gran ejemplo para los demÃ¡s paÃ­ses.,1 year ago
Hay personas que estÃ¡n ahÃ­ solo por estar en contra de Bukele por si no sabÃ­an. ğŸ¤”ğŸ¤”,1 year ago
Si pero solo es en el centro del.pais  todos los pandilleros se han ido a los pueblos estan haciendo de las suyas ahi,1 year ago
Â @belmondfringzgonzalez2999Â  Se necesita un   Bukele en cada paÃ­s latino,1 year ago (edited)
Veeeeeersos ğŸ˜®ğŸ˜®ğŸ˜® 14 millones en 4 dÃ­as muy bieneh visto montÃ³n de tus videosno me suscribo a nadie porque no me gusta pero estoy sorprendida ğŸ˜®de cuÃ¡ntas visitas ğŸ‘,1 year ago
Yo nacÃ­ en el 2014 y en esos tiempos hera baby soy del 8 de mayo,6 months ago
Y el mundo. AhÃ­ si keremos globalismo Bukele,1 year ago
â€‹Â @tavomontana3302Â los ricos sin sus esclavos no son nada .. tranquilo los esclavos saben a lo que se meten y NO PORQUE SEAN POBRES ... De eso dale gracias a la ingenuidad y a la ignorancia social establecida por el miedo y control de TERCEROS la vida FUE mÃ¡s que bella para quienes fueron asesinados tu en cambio vives en el odio y mal gastas tu vida .. una vida muy corta,1 year ago (edited)
Me da mucho gusto por el Salvador. Que sean muy felices y estÃ©n seguros.,1 year ago
Necesitas leer e informarte un poco mÃ¡s antes de escribir comentarios pendejos lmao,1 year ago
4:57 4:57 ğŸ˜‚ğŸ˜‚ 4:58 ğŸ˜‚,3 months ago
Happy you have freedom now.,1 year ago
Â @tavomontana3302Â lamentanblemente ninguna reforma serÃ¡ perfecta para alcanzar el Ã©xito serÃ¡ necesario (es una pena) que paguen inocentes,1 year ago (edited)
Oraleeeeeee chidooooooo,1 year ago
Hay muchos que viven en El Salvador y se viven quejando de Bukele y la manera que Ã©l ha hecho las cosas. Me imagino que son familiares de los pandilleros y por eso se quejan. De lo contrario no tendrÃ­a sentido estar infeliz por el progreso que ha tenido todo el paÃ­s. Me intriga mucho porque la mayorÃ­a son jÃ³venes que estÃ¡n en contra no me cabe en la cabeza como preferirÃ­an caminar por la calle con miedo a que algo les pase. Pero bueno no se puede hacer cambiar de opiniÃ³n a fuerzas. Que Bukele siga haciendo lo suyoğŸ™ğŸ»ğŸ™ğŸ»ğŸ™ğŸ»,1 year ago
Â @SmaiquelCubilloRiveraÂ  para que no se peguen piojos,1 year ago (edited)
Ugh.,1 year ago
Se nota que no has investigado nada. Te invito a que revises el programa Central de Radio Ambulante y comprendas cÃ³mo el estado de excepciÃ³n y el negociar con las mafias no significa luchar contra la delincuencia.,1 year ago
Â @Jair.02Â estÃ¡s defendiendo a violadores solo porque tambiÃ©n fueron violados? Sos la burla. Quien viola debe morir ni siquiera deberÃ­a tener la opciÃ³n de ir a la cÃ¡rcel.,1 year ago (edited)
Â @Colombia123-x6vÂ  lo que le allÃ¡ pagado a ti que te importa luisito comunÃ­ca bien venido a nuestro hermoso paÃ­s si mi presidente te abre las puertas de nuestro paÃ­s tambiÃ©n los buenos salvadoreÃ±os de bien te recibimos con AlegrÃ­a bien benido luisito comunica regresa pronto por que este tambiÃ©n es tu pais,1 year ago (edited)
Que bueno,1 year ago
Mexico no lo necesita tenemos a Obrador y eso es mejor ğŸ«¶ğŸ¾,1 year ago
Por un momento me astaba asustando...ver mas,1 year ago
Wow si que gran cambio!!! Es admirable el trabajo de su presidente en MÃ©xico necesitamos un lÃ­der asÃ­ felicidades a los SalvadoreÃ±os porque finalmente son libres y caminan sin miedo.,1 year ago
Hey cm le hicistes para tener mucha informaciÃ³n ni siquiera TELEMUNDO pudo acaparar una entrevista completa cm la tuya ????,1 year ago
Llora pues floricundia ğŸ˜‚,1 year ago
â€‹Â @tavomontana3302Â aunque pasara eso prefiero eso siendo que los ricos son menos y no tan sanguinarios tampoco era un rico el que asesinaba en las calles.,1 year ago (edited)
7 MIL SALVADOREÃ‘OS HAN SALIDO LIBRES POR UN ERROR DEL REGUIMEN DE EXCEPCIÃ“N DE NAYIK BUKELE ğŸ‰ğŸ‰ğŸ‰ğŸ‰ğŸ‰ AUN FALTAN MILES MAS,1 year ago
Soy estadounidense contemplando mudar a Salvador en el futuro â¤,1 year ago
â€‹Â @DanielMartinez-hi5cvÂ  A QUE VIENE ESO?? SI NO HUBIERA UN BUKELE HUBIERA CAOS TOTAL EN EL SALVADOR!!,1 year ago (edited)
En colombia les dan un puesto en el congreso,1 year ago
Media Republica dominicana tuviera hay xd,1 year ago
Envidia de la buena mi amigo ojalÃ¡ aquÃ­ en mi paÃ­s lleguemos a algo asÃ­,1 year ago
Con respeto te pregunto : Se puede ir a Vacacionar a Ã‰l Salvador sin problemas?,1 year ago
â€‹Â @isabelsalmeronjuarez1220Â no es raro es lo mÃ¡s justo que paguen y sigan pagando por toda la sangre que hicieron correr,1 year ago (edited)
Abrazos no balazos ğŸ˜‚ğŸ˜‚ğŸ˜¢ğŸ˜¢,1 year ago
Siendo salvadoreÃ±o me da satisfacciÃ³n ver esto porque en el pasado mi familia sufriÃ³ bastante por culpa de ellos. Gracias sr Bukele por darnos la paz que nuestra naciÃ³n necesitaba. Por 5 aÃ±os mÃ¡s.,1 year ago
mola mucho lo de las pistas de audio en diferentes idiomas. Las IAs son una pasada ğŸ¤¯ğŸ¤¯,1 year ago
Â¿Usted mismo se dobla en inglÃ©s? Si es asÃ­ bien ğŸ‘ğŸ»,1 year ago
OjalÃ¡ imprimieran mÃ¡s Bukeles aquÃ­ estÃ¡ inundado de criminales,1 year ago
ğŸ˜‚ğŸ˜‚ğŸ˜‚ğŸ‰ğŸ˜‚ 1:00 ğŸ‰ğŸ˜‚ 1:30 1:30 1:33 ğŸ˜‚ğŸ˜‚ğŸ˜‚ğŸ˜‚ 1:37 1:38 1:38 ğŸ˜‚ğŸ˜‚ 1:40 1:42 ğŸ˜‚ 1:44 ğŸ˜‚ 1:46 ğŸ˜‚ğŸ‰ 2:08 ğŸ˜‚ 2:10 2:12 ğŸ˜‚ğŸ˜‚â¤,3 months ago
Yo igual,1 year ago
â¤,9 months ago
ğŸ˜‚ğŸ˜‚ğŸ˜‚ğŸ˜‚ğŸ˜‚ no seas p3nd3ja mija,1 year ago
GRACIAS. GRANDE CRACK SALUDOS DESDE LONG ISLAND NEW YORK,1 year ago
ParabÃ©ns para seu presidente,1 year ago
Â @fumofu38Â ğŸ§ ???,1 year ago (edited)
Totalmente de acuerdo donde esten todos los malos incluyendo polÃ­ticos ğŸš¨,1 year ago
Y yo en mi  MÃ©xico desgraciadamente tengo que vivir con miedo  en pleno 2024  triste pero cierto,1 year ago
Wuaoo chamo que brutal .y que bueno todo lo que estÃ¡ pasando en el pais,1 year ago
Soy de ğŸ‡²ğŸ‡½mexico y necesitamos un presidente como Bukele mi paÃ­s sigue con mucha inseguridad y sigue predominando el narcotrafico ojalÃ¡ y muchos paÃ­ses de LatinoamÃ©rica pudieran hacer lo mismo y replicar este sistemaBukele es el ejemplo de cuando quieres cambiar un paÃ­s lo logras solo que muchas presidentes ven por su beneficio y de los suyos pero no ven por su nacion,1 year ago
Excelente video.,1 year ago
Igualmente soy de El Salvador y que aÃ±os tan duros pasamos por este tipo de personas perdi muchos seres queridos que nos arrebataron estos seres Dios siempre justo nos puso un presidente que iso que eso quedara en el olvido..,1 year ago
"â€‹Â @jerbin85Â casi 3 millones De SalvadoreÃ±os que votaron por Bukele. Tienen miedo?. Los que tienen miedo son los que "" algo"" deven.",1 year ago (edited)
Thanks man,1 year ago
â€‹Â @tavomontana3302Â veamos que pasa si dejamos a estas personas pasar por tu casa y con todas las muejres de tu familia ahÃ­ tambiÃ©n.. Haber que pasa,1 year ago (edited)
PanamÃ¡ principalmente,1 year ago
â€‹Â @tavomontana3302Â Amo a BukeleğŸ¥°,1 year ago (edited)
Moises dime. Las detenciones a inocentes son falsas?,1 year ago
Esperemos en MÃ©xico pasara lo mismo como un verdadero presidente que tenga un amor a su naciÃ³n como bukele.,1 year ago
ğŸ¤,1 year ago
Â¿Es una IA lo quÃ© estÃ¡s utilizando? PorquÃ© actores de doblaje no deben ser el inglÃ©s se escucha muy muy muy robotico y antinatural,1 year ago
â€‹Â @tavomontana3302Â  siempre hay una opciÃ³n y el cometer esos crÃ­menes tan crueles escudÃ¡ndose de que son pobres no es una justificaciÃ³n,1 year ago (edited)
Â @ensenarfacil1897Â  te AQA O,1 year ago (edited)
Excelente felicitaciones al presidente Dios lo bendiga todos los dÃ­as de su vida ğŸ˜Š,1 year ago
Those Guards look like in GTA 5 they donâ€™t Move just Stand there like Robots crazy imagine doing this the rest of your life for the prisoner who donâ€™t take turns like guards days off,1 year ago
CuÃ¡l LatinoamÃ©rica? Acaso hablan latin? Claramente se puede leer RepÃºblica de El Salvador de AmÃ©rica Central. De donde carajos sacas lo LATINO?,1 year ago
â€‹Â @venuzgiraldo8571Â igual que en EspaÃ±a ğŸ‡ªğŸ‡¸ğŸ˜‚ğŸ˜‚ğŸ˜‚ğŸ˜‚ los mÃ¡s peligrosos estÃ¡n en el desgobierno ğŸ¤·â€â™€ï¸,1 year ago (edited)
Que cosa ? Violar derechos humanos ?,1 year ago
Lo que toda LatinoamÃ©rica necesita. Bravo Bukele,1 year ago
â€‹Â @isabelsalmeronjuarez1220Â si un sentimiento raro y hasta cierto punto deprimente pero te recuerdas que ellos mataron a sangre frÃ­a sin remordimiento a probablemente inocentes y se te pasağŸ˜…,1 year ago (edited)
Mexicanos: TambiÃ©n tengo ese sueÃ±o Don pool,1 year ago
AquÃ­ en Colombia por allÃ¡ en el 2004 idolatraban a un presidente con su famosÃ­sima seguridad democrÃ¡tica. Ahora estÃ¡ siendo procesado por uno de los cientos de denuncias que tiene en su contra. No voy a decir cosas buenas o malas solo esperar que el tiempo y la historia le dÃ© el reconocimiento que siempre el presidente de allÃ¡,1 year ago
Voz pisado zerote eres I tienes el mejor precidente del Salvador  ğŸ‡¸ğŸ‡» salud por el Salvador ğŸ‡¸ğŸ‡» y que sigan asi con bukele Dios te bendiga saludos desde longbeach California y que viva ğŸ‡²ğŸ‡½,1 year ago
ğŸ‰ğŸ‰ Felicidades por ese gran cambio! Saludos desde MÃ©xico ğŸ‡²ğŸ‡½,1 year ago
Gracias por eso la verdad se necesita mucho,1 year ago
OÃ²Å“,1 year ago
Y EspaÃ±a tambiÃ©n lo necesita por favor,1 year ago
Pues.. bien por la seguridad pero ahora a todos los salvadoreÃ±os les tocarÃ¡ mantener toda esa cÃ¡rcel con sus impuestos si vieron el video de RubÃ©n Diez (letal Crisis) la gente del Salvador sigue sin incremento salarial sube la canasta bÃ¡sica les estÃ¡n quitando espacios para venta de productos asÃ­ que no todo es bonitoâ€¦ una cÃ¡rcel enorme para un presidente que tiene problemas de niÃ±ez con la falta de seguridad,1 year ago
El mundo os envidia,1 year ago
Es triste ver tanto jÃ³venes y mayores tras las rejas pero ellos no pensaron cuando robaban asesinaban  a personas  honradas ellos mis se buscaron  donde estÃ¡n El Presidente Bukele estÃ¡ haciendo un paÃ­s seguro y prÃ³spero. Cuiden a su presidente pueblo SalvadoreÃ±o ojalÃ¡ que lo tengan por siempre.,1 year ago
Dios para mostrar su poder tuvo que convertir el peor paÃ­s para vivir en un paÃ­s completamente seguro,1 year ago
Las pistas estÃ¡n hechas con IA? ğŸ˜®,1 year ago
Por eso me tuvimos que salir del paÃ­s,1 year ago
Exacto ha dado un giro de 380 grados. Y si es un orgullo ser salvadoreÃ±os y tener como presidente al Sr. Nayib Bukelle ğŸ˜Š.  Todo gracias a Dios quien sabe quÃ© es lo que realmente necesitamos y que vio las injusticias de los presidentes anteriores. Gracias Dios por.darnos al presidente Bukelle â¤,1 year ago
VIVA BUKELE!!!,1 year ago
Â @SonidoRojoÂ  Hay mucha gente que lo critica incluso en el mismo salvador hay gente que esta en desacuerdo pero es una estupides total,1 year ago (edited)
Yo soy prevendedor de productos y un dÃ­a despuÃ©s iba a visitar santa ana y tuve un sueÃ±o en el sueÃ±o oÃ­a una voz no vayas que los pandilleros te van a matar y te matan no vayas que los pandilleros te van a matar y te matan y despertÃ© con aquello pues no voy me irÃ© a otro departamento y asÃ­ lo hice y ese dÃ­a asesinaron a tres personas ahÃ­ al rededor del mercado,1 year ago
Que pro,1 year ago
Me saludas por favor â¤,1 year ago
"Era hora de algo distinto / espero mÃ¡s realidsdes.

Lo siento.. pero era morboso en este tema hay..
TodavÃ­a no vi el vÃ­deo...",1 year ago
Yo tube  que salir de Ecuador para viajar a  estados Unidos por que esta bien pero bien mal y esoğŸ˜­,1 year ago
Bukele el mejor presidente! Colombia pide uno igual,1 year ago
Me slegra muchÃ­simo que tu pais haya cambiado para bien.,1 year ago
Lo mismo decian los alemanes de los judios,4 months ago
Nunca he dicho esto por ningÃºn presidente Â¡Â¡ viva Bukele bendiciones a ese gran presidente!!,1 year ago
â€‹Â @tavomontana3302Â  el defiende a los criminales es porque tambiÃ©n es lo Hmmm seras uno?  Puede ser porque no tiene sentido decir pobrecitos a estos seres que perdieron la humanidad.,1 year ago (edited)
"Entiendo tu sentir y el de todo aquel que pasÃ³ por este triste situaciÃ³n de crimÃ­nale pero â€¦
He visto videos donde tambiÃ©n discuten que hay muchos Inocentes que culparon saben algo acerca de esto â‰ï¸ğŸ¤”ğŸ’¬",1 year ago
Â @jaimehernandez9321Â  y donde estan que no los hemos visto,1 year ago (edited)
â€‹Â @adriqz5333Â  yo tambien sueÃ±o lo mismo realment pudiendo decir al fin no da miedo salir de noche aqui en Ecuador,1 year ago (edited)
Â @sinnombre11112Â  es eso lo que me gustarÃ­a saber a mÃ­ ajja,1 year ago (edited)
Le falta gemidos al potu.gues,1 year ago
Arriba Bukele.ğŸ‘ğŸ»,1 year ago
Saludos desde Honduras,6 months ago
Somos Primero PaÃ­s Colombia ğŸ‡¨ğŸ‡´ Ir Cance Salvador Noticias Caracol Periodista EstÃ¡ Semana Ganamos Premios ğŸ‰â¤,1 year ago
â€‹Â @binipwinceÂ  Pero no muestra estadisticas ğŸ•º,1 year ago (edited)
Que bueno que se mejorÃ³ el tema de la inseguridad pero faltan otros como la educaciÃ³n economÃ­a e inversiÃ³n,1 year ago
Â¡QuÃ© pena! no estÃ¡ el alemÃ¡n suizo. No podrÃ© compartÃ­rselo a una amistad que tengo en Lucerna... Por cierto el aÃ±o pasado Miss Suiza tuvo un acto protocolario con Nayib Bukele y en el periÃ³dico Swiss Info (que estÃ¡ en varios idiomas) se dice lo honrada que se sintiÃ³ con Ã©l o algo asÃ­ y parece que en ese periÃ³dico NO se habla  mal de Bukele (lo poco que he visto por encima),1 year ago
AsÃ­ hace falta uno aquÃ­ en MÃ©xico!!,1 year ago
â€‹Â @DenissAguilar19Â por quÃ© vivos pueden trabajar y sirven mÃ¡s a el paÃ­s.,1 year ago (edited)
Italiano porfavor tengo a mi marido y  la familia de mi marido a quiciera la escucharÃ¡n en su idioma,1 year ago
yo tuve que defenderme con pistola de asaltos cuando era vendedor me obligÃ³ la situaciÃ³n a armarme por querer comer,1 year ago
â€‹Â @alterx7Â empezando por los polÃ­ticos,1 year ago (edited)
Que locura grande luisito,1 year ago
Es un ejercito que esta creando ese presidente,1 year ago
Ya no puedo ver los vÃ­deos ğŸ˜¢,1 year ago
Espero poder un dÃ­a decir eso de Colombia ğŸ˜¢,1 year ago
a quien le importa,1 year ago
Sube mas videos de El Salvador â¤,1 year ago
Saludos @luisito comunica te apoyo en todas las redes socialesâ¤,1 year ago
Helicoidales Venezuela,1 year ago
Mejor lethal cris,1 year ago
Que gran video te sacaste luisito.,1 year ago
Bukelele deveria darle classes a otros presidentes de como se maneja un pais.,1 year ago
Escomo Corea del Norte propaganda,1 year ago
Que se violen los derechos humanos? Encerrados sin previo juicio y por lo tanto sentencia???,1 year ago
ğŸ˜®,1 year ago
Que felicidad es escuchar que las personas recuperan la paz espero y en mi paÃ­s se pueda hacer algo parecido nunca hay que dejar de luchar por la felicidad.,1 year ago
Eso esta echo con la ia?,1 year ago
Ven al carnaval de oruro plis luisito,1 year ago
Que genial,1 year ago
Â @DanielMartinez-hi5cvÂ  y eso se supone que es bueno?,1 year ago (edited)
Vamos que se note la IA,1 year ago
Denle gloria a dios por poner un hombre asÃ­ en su paÃ­s ....no sabes la envidia que uno siente la impotencia ğŸ˜¢ğŸ˜¢ğŸ˜¢son muy afortunado s,1 year ago
Pero elecciones livres no le gusta verdad??,1 year ago
â€‹Â @edu6698Â una persona no harÃ¡ la diferencia con calderÃ³n tenemos el ejemplo,1 year ago (edited)
â€‹Â @DanielMartinez-hi5cvÂ  Brasil um desses,1 year ago (edited)
Non câ€™Ã¨ in italianoâ€¦,3 weeks ago
Quiero un presidente asÃ­ para mi bello MÃ©xico ğŸ‡²ğŸ‡½ mi MÃ©xico se pudre con tanta corruption solo quiero lo menor para mi gente no estoy en contra de nadie y espero no ofender a nadie pero es triste cÃ³mo se vive casi en todo el territorio MexicanoğŸ‡²ğŸ‡½ POR UN MUNDO MEJOR â€¦ ğŸ™ŒğŸ»,1 year ago
Tal vez estÃ© generalizando mucho pero en ese lugar no hay vÃ­ctimas solo culpables de crÃ­menes horrendos que han cometido por aÃ±os sin consecuencias y que no hay ricos presos XD los ricos son sus jefes que creiste que al ver a sus perros ser arrestados ellos se ivan a quedar tambiÃ©n jajaja eso es pecar de inocente o ignorante,1 year ago
"no puedes hacer lo que se ha echo en esa ciudad considerada ""paÃ­s"" es difÃ­cil que eso funcione en un paÃ­s de verdad",1 year ago
En diciembre cuando no sabÃ­as si eran cuetes o balasos XD,1 year ago
Â @tavomontana3302Â a los pobres q matan vi0lan secuestran??? pobrecitos q pecado,1 year ago (edited)
"Que super Excelente 
Muchas felicidades por poner la opcion de idioma",1 year ago
Cuando su pensamiento le cambiÃ© que esperemos que no y decida que quiera gobernar e salvador por un largo tiempo jaja ahÃ­ veremos si piensas lo mismo...,1 year ago
necesito a tu presidente en Colombia xd,1 year ago
5:06 5:08 5:10 5 5:20  ğŸ˜‚,3 months ago
SalÃ­ del Salvador hace 10 aÃ±os debido a la situaciÃ³n con relaciÃ³n a pandillas  al ver esto la verdad me llena de tranquilidad que al fin se hizo justicia con muchas personas que sufrieron por causa de las pandillas  cuantos amigos hermanos padres tÃ­os sobrinos muertos a manos de estos criminales  cosas horripilantes como la vez que prendieron un microbÃºs lleno de personas y los quemaron vivos a todos ! El Salvador jamÃ¡s olvidarÃ¡ eso ! Gracias a Dios se levantÃ³ ese hombre que le ah dado La Paz a mi hermoso paÃ­s ! Story loco por regresar pronto ! Dios bendiga El Salvador y a su linda gente honrada !,1 year ago
"Yo suelo visitar El Salvador porque paso desde Aduana El Poy hacia frontera El Amatillo en Honduras me encanta que la gente sea educada y las calles son limpias yo manejo un autobus y es totalmente diferente a Honduras.
 Hay mucho por aprender En El Salvador te dan la pasada mientras que en Honduras no hay educacion en la carretera te suben el auto al techo de ser posible ğŸ¤£ğŸ¤£",1 year ago
Wtf,1 year ago
Sin palabras !!!,1 year ago
"Soy de Los Angeles California de padres mexicanos y siempre tuve amigos de el Salvador. 
El Salvador se me hace muy lindo y la verdad hasta a mi me da orgullo por ustedes.
Bukele si es un presidente no como otros.",1 year ago
â€‹Â @edu6698Â  en MÃ©xico tenemos un excelente presidente pero los anteriores gobiernos y las personas que no simpatizan con el presidente siempre dicen ğŸ’©ğŸ’©,1 year ago (edited)
Manden a bukele para MÃ©xico ğŸ˜¢,1 year ago
Me he asustado al principio cuando te escuchÃ© hablando portuguÃ©s ğŸ˜…,1 year ago
0:10 0,1 year ago
ğŸ™ğŸ™ğŸ™ğŸ™ğŸ™ğŸ™,1 year ago
Viajen a Venezuela y verÃ¡n como en las cÃ¡rceles tienen zoolÃ³gico cine casas adentro motos camionetas armas y controlan el trafico de drogas y los atentados desde allÃ­ adentro. Literalmente aquÃ­ es como una ciudad mÃ¡s estar adentro. Indaguen y verÃ¡n,1 year ago
adelante mi querido pulgarcito. con Dios y Bukele . saldremos adelante ...Dios BENDIGA siempre y A BUKELE. y a todos los salvadoreÅ„os ..ğŸ‰ğŸ‰ğŸ‰ğŸ‰ğŸ™ğŸ™ğŸ™ğŸ’ªâœğŸ¼,5 months ago (edited)
VolvÃ­ a ver el video en audio en Ingles. Se entiende bien se escucha la voz que es traducciÃ³n al inglÃ©s de un latino.,1 year ago
Exacto urge un Bukele en MÃ©xico.,1 year ago
Man estÃ¡ super eso jajaja,1 year ago
ğŸ˜¢ğŸ˜¢,1 year ago
Gracias luisito!,1 year ago
Hay luisillo el Gordillo hasta allÃ­ comiste jajajaja saludos d Ecuador,7 months ago
por sierto para mi le estan dando demasiado no se merecen ni la comida que comen,1 year ago
Cuando sales de visitar una cÃ¡rcel valoras mÃ¡s el sentimiento de ser ciudadano con derechos y la libertad misma,1 year ago
Hermoso reportaje Luisito. Ya hacÃ­a falta uno asÃ­. LatinoamÃ©rica respalda al presidente Nayib soy ecuatoriano pero me alegro que los SalvadoreÃ±os hayan cambiado en 360Â° sus vidas. Un Bukele en cada paÃ­s se necesita,1 year ago
â€‹Â @jerbin85Â En EEUU tambiÃ©n se pacta,1 year ago (edited)
CUANDO BUKELE SE SIENTA ATRAPADO O CUESTIONADO POR ALGO LOS LIBERA. QUE VAN A HACER.ğŸ¤”ğŸ¤”ğŸ˜ğŸ˜ğŸ˜†ğŸ˜…ğŸ˜‰ğŸ˜‚ğŸ˜†ğŸ˜…,1 year ago
â€‹Â Kevin17channelÂ tambien deja el spam,1 year ago (edited)
En japonÃ©s esta de lujo ğŸ˜²ğŸ¤­ saludos luisito desde El Salvador creenos quÃ© ahora mÃ¡s que nunca somos felices con ellos encerrados,1 year ago
OK,1 year ago
Gran presidente,1 year ago
Ãnimo.  Excelente reportaje,1 year ago
ğŸ˜®,1 year ago
Â @theloyal5831Â  No te preocupes entiendo tu problema de procesar la informaciÃ³n don perfecto en  gramÃ¡tica. Que tengas buen dÃ­a.,1 year ago (edited)
Wuauuu Luisito!!! Ni siquiera hablan los delincuentes ğŸ˜±ğŸ˜±ğŸ˜±ğŸ˜±ğŸ˜±todos como pasmadosâ€¦ quÃ© les harÃ¡n si inicia una riÃ±a??? ğŸ‘€ğŸ‘€ğŸ‘€,1 year ago
â€‹Â @JohnMPalominoÂ  en colombia lo bajan papaaaa,1 year ago (edited)
Ğ¡Ğ ĞĞ§ĞĞ ĞœĞ•ĞĞ¯Ğ™ ĞŸĞ•Ğ Ğ•Ğ’ĞĞ”Ğ§Ğ˜ĞšĞ Ğ Ğ£Ğ¡Ğ¡ĞšĞĞ“Ğ ĞĞ˜Ğ§Ğ•Ğ“Ğ ĞĞ• ĞŸĞĞĞ¯Ğ¢ĞĞ!ğŸ˜¿,1 year ago
Lo que comprendistes en el min 11   de la tristeza que sentiste al verlos pero que todo eso se borra cuando  comprendes que  ellos estÃ¡n ay por sus delitos oreibles es lo mismo que  lograrÃ¡s comprender sobre porque le debes seguir  a Jesucristo cuando entiendes que por tus pecados  mereces la condenaciÃ³n  Rom3 23 porque todos  estÃ¡n bajo condenaciÃ³n por el pecado y  que no tienes salvaciÃ³n pero ves una luz y esa luz es JesÃºs,1 year ago
Pero nadie dice nada que estÃ¡ matando de hambre a la gente de aldeas eso nadie lo ve.,2 months ago
PrisiÃ³n de El SalvadorÂ»Prisiones de LATAM (Estoy escribiendo en computadora),1 year ago
Imposible no llorar con ese comentario,1 year ago
No me deja cambiarlo y ahora solo escucho a Lewis Comunicates,1 year ago
â€‹Â @kefervinÂ exactamente,1 year ago (edited)
ğŸ˜¢ too late,1 year ago
Es verdad debe haber esta clase de prisiones en toda latinomerica,1 year ago
Y ahora tienen miedo de salir a la calle los que critican a Bukele. Eso no es Democracia. AdemÃ¡s que Bukele pactÃ³ con el Narco la violencia parÃ³ el narcotrÃ¡fico no!,1 year ago
No hay catalÃ¡n ni EspaÃ±ol autÃ©ntico de EspaÃ±ağŸ˜¢ğŸ˜¢,1 year ago
Que buen video para que sea  visto por la juventud latina! Definitivamente reenviarÃ© este video a muchos jÃ³venes. Gracias Luisito!,1 year ago
Luisito habla en todos los idiomas un crack!,1 year ago
Bukele puede hacer eso por que el salvador no tiene petrÃ³leo si tuviera petrÃ³leo ya le habrian llevado su dosis de liberta ğŸ—½,1 year ago
Gracias merci grazie obligado â¤ğŸ‰,1 year ago
Que cool ğŸ˜,1 year ago
Â @BROOOKÂ  no porque el idioma chileno es literal el espaÃ±ol,4 months ago
Gracias Luisito muy buen video,1 year ago
"â€‹Â @tavomontana3302Â muchos mareros son millonarios tienen dinero en diferentes paÃ­ses y si algunos estÃ¡n dentro.
Los derechos humanos para los humanos derechos.ğŸ‘",1 year ago (edited)
Soy de Espala aqui las cÃ¡celes son como hoteles ojalÃ¡ mÃ¡s cÃ¡rceles fueran asÃ­ como esta lo de las cÃ¡rceles en espaÃ±a parece broma,1 year ago
Condiciones inhumanas las que tenÃ­an viviendo al salvador ellos al fin tuvieron su karma,1 year ago
._.  no me parece bien se vulnera el derecho de la integraciÃ³n de nuevo a la sociedad y demÃ¡s derechos. (Sin poder ver la luz del dÃ­a.),1 year ago
esta en chileno,1 year ago
increÃ­ble pero no uses ai hombre,1 year ago
â€‹Â @jessica5651Â  Petro es pÃ©simo presidente y funcionario pÃºblico... Es bueno cuando pasa algo cuando hacen algo y por lo menos en el salvador hay un cambio evidente.,1 year ago (edited)
Me quiero ir para allÃ¡ ğŸ˜¢,1 year ago
AsÃ­ estÃ¡ Ecuador en estos momentosğŸ˜­ğŸ˜­ğŸ˜­ğŸ˜­ğŸ˜­da miedo salir de casa,1 year ago
Mi pregunta es porque no en EspaÃ±ol con subtitulos en ingles!!!,1 year ago
â¤,1 year ago
Te amo maquina,1 year ago
"â€‹Â @josemiguelfloresescobar981Â  Los presos vulneran derechos humanos y aÃºn asÃ­ reciben comida techo higiene y techo.
En la edad media un campesino recibÃ­a la mitad por trabajar toda su vida.",1 year ago (edited)
Hoy conocÃ­ la envidia! Felicidades por vivir en un lugar donde puedes salir de casa sin miedo!,1 year ago
La seguridad es un derecho adquirido y la calidad de vida econÃ³mica como va? PodrÃ­as decir eso para saber,1 year ago
Mis respetos para el presidente del El Salvador. Mi paÃ­s Honduras necesita uno igual. Dios siga bendiciendo al hermoso Salvador a su pueblo y a su presidente  Nayib Bukele.,1 year ago
This should be a model for other countries.,1 year ago
"Jsja
Hablas chistoso en ALEMANğŸ˜‚",1 year ago
"â€‹Â @dari_colombiano5163Â 
Mayor porcentaje de pobreza es igual a un mayor porcentaje de criminalidad",1 year ago (edited)
OjalÃ¡ eso hubiera hecho el presidente de mi PaÃ­s MÃ©xico lamentablemente se justifica diciendo que todos estamos metidos en drogas y se la pasa hablando de los partidos del pasado que gobernaron de igual una bola de corruptos muchas leyes y nada de seguridad la ciudad de donde soy era muy tranquila y ahora es peligrosa. Felicito a tu presidente. Y que bueno que ya pueden vivir con tranquilidad.,1 year ago
Solo hay q pedir a Dios que tenga misericordia de ellos si se arrepienten Dios los perdonarağŸ™ğŸ™,1 year ago
"â€‹Â @tavomontana3302Â   y porque deberÃ­a haber un ""polÃ­tico (rico)"" en la cÃ¡rcel su delito es ser rico? esos que ves ahÃ­ tienen diversos delitos y deben cumplir su condena ""(victimas reales)"" quien sabe porque razÃ³n los defiendes.",1 year ago (edited)
Te felicito MoisÃ©s tienes un excelente presidente,1 year ago
â€‹Â @Jair.02Â si claro el salvador esta en la mda pero ellos y muchos otros piensan que con una cÃ¡rcel se soluciona el mundo jaja,1 year ago (edited)
Buen trabajo del presidente Bukele no entiendo cÃ³mo hay gente que defiende estos criminales solo escuchen al delincuente que entrevistan que hasta la cuenta de cuantos matÃ³ a perdido!!!,1 year ago
Eran de los peores  aÃ±os ya que en esas fechas salian los pandilleros antiguos y sabes que erab los que traÃ­an la cara manchada y todo su cuerpo y ellos nobse andaban con cosas,1 year ago
â€‹Â @linaantonialeiba600Â que tal en republica Dominicana? Como se vive allÃ­?,1 year ago (edited)
"Mi luz sea la santa cruz
No sea el demonio mi guÃ­a

Â¡ApÃ¡rtate SatanÃ¡s!

No sugieras cosas vanas
Pues maldad es lo que brindas
Bebe tÃº mismo el veneno.",1 year ago
12:30,9 months ago
Â @theloyal5831Â  Es el error que todos cometen en comparar el valor de La Moneda estadunidense con otro tipo de paÃ­s ya sea latino.,1 year ago (edited)
â¤â¤â¤ğŸ‡¨ğŸ‡µ,1 year ago
Wow,1 year ago
Anelaria que en Colombia hicieran lo mismo. AquÃ­ la seguridad estÃ¡ terrible que tristezağŸ˜¢,2 months ago
Â @JESÃšSROLDÃN9Â  QuizÃ¡s solo te da pereza leer con detenimiento argumentos que son de una visiÃ³n distinta a la tuya lo entiendo pero no es necesario ponerse a la defensiva.,1 year ago (edited)
Felicidades ojalÃ¡ mi MÃ©xico algÃºn dÃ­a tenga la misma suerte,1 year ago
Grande Luisito ğŸ™ŒğŸ»ğŸ™ŒğŸ»ğŸ™ŒğŸ»,1 year ago
Si Luisito likeo eso es porque en MÃ©xico no deben andar muy bien las cosas ğŸ˜¬ğŸ˜¬,1 year ago
Eres viral con el video hablando la realidad Luisito comunica.,1 year ago
OmgğŸ«¶ğŸ«¶ğŸ«¶â¤ï¸,1 year ago
Quiero saber si usted graba un diamante en bruto yo soy de Honduras,1 year ago
â€‹Â @MarvelyyyyÂ â¤,1 year ago (edited)
â€‹Â @tavomontana3302Â ser pobre no es un delitomatarviolar y extorsionar si y por eso ellos estÃ¡n allÃ­,1 year ago (edited)
ğŸ˜¢ me alegra mucho q Dios les entrego a buen presidente que velo por sus ciudadanos â¤ Dios les bendiga porque Ecuador necesita lo mismo,1 year ago
â€‹Â @edu6698Â  es que ea mÃ¡s difÃ­cil MÃ©xico es mÃ¡s grande que el Salvador y el crimen organizado tiene una gran diferencia a las pandillas,1 year ago (edited)
Â Kevin17channelÂ  Pues asÃ­ es la Life:)),1 year ago (edited)
que grande la IA,1 year ago
Luko,1 year ago
No puedo imaginar el terror que vivieron que alegrÃ­a da que ahora puedan caminar tranquilos sin miedos....muchos latinoamericanos como yo (peruana) quisiÃ©ramos tener un presidente con los mismos ğŸ¥šğŸ¥š que Bukele. Ahora les toca trabajar duro por su paÃ­s que ha sufrido tanto. Un abrazo.,1 year ago
ã“ã‚“ã«ã¡ã¯ã€‚ä»Šã®ã‚¨ãƒ«ã‚µãƒ«ãƒãƒ‰ãƒ«ã¯ã€å®‰å…¨ã«æ—…è¡Œã‚’ã™ã‚‹ã“ã¨ãŒå‡ºæ¥ã‚‹ã¨ã‚ãªãŸã¯æ€ã„ã¾ã™ã‹ï¼Ÿ,1 year ago
â€‹Â @DanielMartinez-hi5cvÂ  no es cierto. El Salvador era el peor paÃ­s de Latinoamerica y una persona como Bukele triunfÃ³. Se puede lograr lo mismo en cualquier paÃ­s del mundo. SI SE PUEDE a animarse,1 year ago (edited)
Y que crecimos en medio de esa violencia. Nuestros hijos no merecen vivir lo que nos tocÃ³ pasar.,1 year ago
Muy buena bro,1 year ago
Pero a cambio de quÃ©,1 year ago
Luisito estoy contigo animo eres grande te sigo desde el primer video â¤â¤â¤â¤â¤â¤â¤,1 year ago
Precisamos ter uma assim no Brasil.,1 year ago
"Â @theloyal5831Â  Con el devido respeto don perfecto en gramÃ¡tica no tiene caso  debatir un tema cuando sigues sin entender a pesar que te di ejemplos. 
Y no es que estÃ© a la defensiva simplemente no tiene caso seguir cuÃ¡ndo no eres capaz de entender solo es pÃ©rdida de tiempo.",1 year ago (edited)
Yo votarÃ­a por Bukele para presidente de Mexico Bekele! Bukeleâ€™,1 year ago
No voy compartir tu propaganada pelos,1 year ago
Desde cuba le envio un fuerte abrazo ğŸ«‚ a todos los salvadoreÃ±o,1 year ago
"â€‹Â @JoseFl0res1313Â 
Si son tus hernanos entonces cambiate por el lugar de uno de ellos",1 year ago (edited)
Soy SalvadoreÃ±o no quieres creeme,1 year ago
Igual pasa hoy en Rosario ğŸ˜¢,1 year ago
â€‹Â Kevin17channelÂ deja de espamear,1 year ago (edited)
Gracias a Dios y su presidente un gran lÃ­der y llego a hacer lo que debÃ­a que gran ejemplo para toda LatinoamÃ©rica ğŸ˜Š,1 year ago
Hola luisito como estas primo ya ni ablas,1 year ago
Pero ahora valoren a su presidente  por que la prensa lo acusan a diario en complot con sus adversario,1 year ago
EstÃ¡ buena la cÃ¡rcel para los polÃ­ticos,1 year ago
No funciona para todos los paÃ­ses latinos todos tienen un contexto diferente,1 year ago
FaltÃ³ el espaÃ±ol castellano ğŸ˜†,1 year ago
"â€‹Â @JESÃšSROLDÃN9Â  EEUU tiene mejor economÃ­a allÃ¡ se manejan dolares que equivalen a decenas o cientos de pesos latinos.
AdemÃ¡s por lo menos tienen la posibilidad de migrar.",1 year ago (edited)
â€‹Â @jerbin85Â que comentario tan inteligente te felicito. Eso refleja que 2.8 millones de salvadoreÃ±os estÃ¡n equivocados ğŸ˜‚ğŸ˜‚ğŸ˜‚ğŸ˜‚,1 year ago (edited)
Anda vos y bukake gil. Las maras son el pueblo papa el unico q' tiene q' ir preso es bukake. Ojala nunca caigas  preso enrrique.,1 year ago
El castigo de esos privados de la libertad es proporcional al daÃ±o que han causado a la sociedad. OjalÃ¡ que se replicara en todos los paÃ­ses para que mÃ¡s de uno que estÃ© pensando en convertirse en delincuente lo piense 2 veces y sepa que sus acciones tendrÃ¡n consecuencias,1 year ago
luisito no te crea el cuento es un caos dentro,1 year ago
Por que quieren suspender a luisito el vio no lo veo mal al contrario  lo allÃ³ muy bueno. Por favor gordura con luisito.,1 year ago
Â @RRORIKÂ  tu mama,1 year ago (edited)
"â€‹Â @MecanicomovilServices-qb4hbÂ La excusa mÃ¡s comÃºn de cualquiera que no se atreve al Ã©xito.
""MÃ©xico no es el Salvador"" ""MÃ©xico es mÃ¡s grande y con mÃ¡s Gente que el salvador"" ""En MÃ©xico no son unos simples *Pandilleros* "" etc.",1 year ago (edited)
Au,1 year ago
Me encantÃ³ ğŸ‘te escuchÃ© en cada idiomağŸ˜…,1 year ago
â¤â¤â¤,10 months ago
Lo que pasaba antes en el salvador esta pasando en chile y el presidente no hace nada  ojala tuvieramos un bukele aca en chile ğŸ˜¢,1 year ago
Por favor educan a sus hijos con amor y con un gran ejemplo no abandonen sus estudios por que esto es una triste realidad ğŸ˜ que se compuertas en criminales y sicarios dejen que sus hijos sueÃ±en con un futuro mejor ser lo que quieren ser arquitectos futbolistas  actores cantantes ingenieros hasta incluso abogadosğŸ‘ğŸ»,1 year ago
Ealeeee,1 year ago
Te quiero luisito,1 year ago
Es su voz real o estarÃ¡ hecho por IA me pregunto,1 year ago
Conta mas que los mataban las balas perdidas? O los mataban por nada?,1 year ago
Me encanta el reportage toda una realidad. Ahimsa deben permanecer y pagar por sus delitos,1 year ago
Si es muy bueno ojalÃ¡ no se convierta en un dictador mas,1 year ago
We also had it in Russia in the 90s,1 year ago
â€‹Â @MecanicomovilServices-qb4hbÂ La diferencia es enorme pero igual es la difierencia el poder militar,1 year ago (edited)
2015 fue un aÃ±o cualquiera para el mundo ğŸ˜‚,10 months ago
"â€‹Â @roxanasanchez4752Â 
Los sicarios nunca tienen miedo. Eso no los hace inocentes.",1 year ago (edited)
Amen couldnâ€™t have said it any better than that brother god bless you your family and your entire countryâ€™s families,1 year ago
â€‹Â @WilsonRivas-mo2bdÂ y no que ahora ya esta mejor pss por que no vuelven?,1 year ago (edited)
Pica????,1 year ago
Por favor agregar idioma turco,1 year ago
Â @ceciferborja28Â   no mi doÃ±a las familias de ellos les toca si quieren comer,1 year ago (edited)
@Luiscomunica que viva el Salvador ğŸ‰ğŸ‘,1 year ago
"Soy de MÃ©xico y ojalÃ¡ algÃºn dÃ­a yo pueda al.igual que tu decir ""recuerdo"" esos dÃ­as felicidades por la libertad y seguridad de tu paÃ­s. Toda AmÃ©rica la merece.",1 year ago
hahhaha vivo en bÃ©lgica y el video me saliÃ³ en francÃ©s me sorprendiÃ³ bastante! las traducciones al francÃ©s esta muy bien hecha y la voz del traductor se parece a la tuya,7 months ago
Ğ’ Ğ ĞĞ¡Ğ¡Ğ˜Ğ˜ Ğ¢ĞĞ–Ğ• Ğ‘Ğ«Ğ›Ğ˜ Ğ¢ĞĞšĞ˜Ğ• Ğ’Ğ Ğ•ĞœĞ•ĞĞ ĞšĞĞš Ğ˜ Ğ£ Ğ¢Ğ•Ğ‘Ğ¯ ĞĞ Ğ’Ğ’. ĞŸĞ£Ğ¢Ğ˜Ğ ĞĞĞ’Ğ•Ğ› ĞŸĞĞ Ğ¯Ğ”ĞĞšğŸ‰,1 year ago
Yo soy mexicano ojala uviera uno que quiera ser el.nuevo bukele para mexico ya nuestro pais esta muy mal,1 year ago
El problema puedes tener la carcel mas seguro pero si el sistema de justicia es un asco,1 year ago
"AcÃ¡ en Honduras a los de cuello blanco los envÃ­an a cÃ¡rceles privadas. A los batallones donde solo ellos estÃ¡n no los envÃ­an donde estÃ¡ el resto delincuentes. DeberÃ­an hacer lo mismo para que sepan lo que es realmente ser ""privados de libertad"" ellos ya no tienen ningÃºn derecho. Bravo por el salvador y por Bukele. Necesitamos mÃ¡s Bukeles en el resto de latinoamerica.",1 year ago
IncreÃ­ble gracias.,1 year ago
Â @ahiteladejoir9420Â  tampoco existe la delincuencia ğŸ˜‚,1 year ago (edited)
Thank u,1 year ago
Pero an encerrado a personas que no an echo nada y pues estaban diciendo que les botan las cosas no creo que bukele aga bien su trabajo,1 year ago
El que este libre de pecado que tire la primera piedra,1 year ago
Se deverian de deshacer de todo politico antes de chuckle,1 year ago
HAHAHAHA LO PUSE EN INDÃš,1 year ago
â€‹Â @Luis_51Â eso es verdad yo no serÃ© pobre pero tampoco soy rico y aun asÃ­ trabajo honradamente y se que necesito dinero pero prefiero ganarlo lentamente a ganarlo arriesgando mi libertad o peor mi vida,1 year ago (edited)
No es cierto  como quieren  que los traten bien  si ellos hicieron  mucho daÃ±o a las personas entonces q los lleven a hotel 5 estrellas,1 year ago
"ĞÑ‡ĞµĞ½ÑŒ Ñ€Ğ°Ğ´ Ğ·Ğ° Ğ²Ğ°ÑˆÑƒ ÑÑ‚Ñ€Ğ°Ğ½Ñƒ! ĞŸĞ¾Ğ·Ğ´Ñ€Ğ°Ğ²Ğ»ÑÑ! 
Ğ–ĞµĞ»Ğ°Ñ Ğ¡Ğ°Ğ»ÑŒĞ²Ğ°Ğ´Ğ¾Ñ€Ñƒ  Ğ¿Ñ€Ğ¾Ñ†Ğ²ĞµÑ‚Ğ°Ğ½Ğ¸Ñ Ğ² ÑĞ¾Ğ³Ğ»Ğ°ÑĞ¸Ğ¸ Ğ¸ Ñ€Ğ°Ğ´Ğ¾ÑÑ‚Ğ¸! ĞŸÑ€Ğ¸Ğ²ĞµÑ‚ Ğ¸Ğ· Ğ ÑƒÑĞ¸ !!!",1 year ago
Luisito en Ruso siento que esta maldiciendo jajaja... Excelente video!!!,1 year ago
Todos los idiomas es su voz  wtf ğŸ‘ğŸ‘ğŸ‘,1 year ago
Â @DesafÃ­o_IQÂ  ok ğŸ‘ğŸ‘,1 year ago (edited)
"Excelente cÃ¡rcel asÃ­ debieran ser todas asÃ­ como quitan la vida a un ser y sus familiares nunca mas lo van a poder ver estos criminales se merecen lo mismo nadies los visite muertos en vida por sus malas acciones.
Excelente documental Luisito bendiciones â¤",1 year ago
Lo absurdo es que sigan vivosâ€¦ si los usan como mano de obra lo entiendo. Pero si no es asi no entiendo toda esa infraestructura a no ser que simplemente se haga politica,1 year ago
Tranquilo amigo recuerde El Salvador es un paÃ­s pequeÃ±o puede ser mÃ¡s fÃ¡cil de gobernar que otro paÃ­s mÃ¡s grande con esa estrategia pero seria bueno que imiten lo bueno para mejorar,1 year ago
Luisito gracias por visitar nuestro paÃ­s que tambiÃ©n es el tuyo bienvenido ğŸ‰,1 year ago
Uffff que nivel Luisito sos top de gama,1 year ago
"â€‹Â @JoseFl0res1313Â 
Pues serÃ¡n tus hnos. Pero no los mios....que los hace hnos? de la gente honesta trabajadora y que quiere hacer lo correcto???.....
Que estupidez!!",1 year ago (edited)
Wow genial,1 year ago
Luisillo japones jajaja,1 year ago
â€‹Â @isabelsalmeronjuarez1220Â te sientes mal por ver AlÃ³s presos en ese estado???,1 year ago (edited)
But nothing Indonesian language,8 months ago
Me alegro mucho,1 year ago
Â @jerbin85Â  Los que le critican a Bukele esto son crminales hacen bien en tener miedo.. mas tarde que temprano terminaran ahi!,1 year ago (edited)
Pobre muchacho qdeo,1 year ago
ğŸ‘ğŸ¼ğŸ‘ğŸ¼ğŸ‘ğŸ¼ğŸ‘ğŸ¼ğŸ‘ğŸ¼ğŸ‘ğŸ¼ğŸ‘ğŸ¼ğŸ‘ğŸ¼ğŸ‘ğŸ¼ğŸ‘ğŸ¼.,1 year ago
A kabron que buen servicio te doblaste solito en ingles vdd. Que Chido !,1 year ago
EstÃ¡ perfecto el castigÃ³ que se les aplica solamente asÃ­ se calman de otra manera no.,1 year ago
â€‹Â @AntÃ´nio36hÂ â˜ ï¸â˜ ï¸â˜ ï¸â˜ ï¸,1 year ago (edited)
Luisito comunica haz mÃ¡s este tipo de videos...donde se ve la cruda realidad sin caretas....no sÃ³lo lo lindo!Â¡!!ğŸ‘ buen video,1 year ago
â¤â¤,1 year ago
VÃ¡yase a vivir al Salvador,1 year ago
Grande Luisito gracias,1 year ago
Lu8sito RusoğŸ˜…,1 year ago
Â @JairoZelaya8Â  bien por ti pero los salvadoreÃ±os no opinan lo mismo la  verdad no hay que sentir lÃ¡stima por tales asesinos pero como dije  bien por ti tienes un corazÃ³n muy grande no pienses que es sarcasmo porque ya he visto comentarios como este de manera sarcÃ¡stica,1 year ago (edited)
Me saludas por favor Luisito,1 year ago
X2,1 year ago
"Mira estoy totalmente de acuerdo en que se vive una gran inseguridad en LatinoamÃ©rica.
Pero realmente crees necesario un presidente como el.
En MÃ©xico por ejemplo.
Pregunta muy muy seria.",1 year ago
Muy interesante el video el audio en ingles es horrible. Contraten a un doblador....,1 year ago
Nel,1 year ago
que bueno escuchar eso compa,1 year ago
Visite Ecuador,1 year ago
Fue hecho con IA? PasÃ© por varios idiomas y suena como si fuera una IA.,1 year ago
Bukele puede hacer eso por que el salvador no tiene petrÃ³leo si tuviera petrÃ³leo ya le habrian llevado su dosis de liberta ğŸ—½,1 year ago
Gracias,1 year ago
Fue un vÃ­deo increÃ­ble y sobre todo la forma en como lo transmites admiro la seguridad del lugar bravo para el salvador ğŸ‘,1 year ago
Un bukake,1 year ago
Lo que latinoamÃ©rica necesita es una estructura familiar sÃ³lida y mejores oportunidades laborales.,1 year ago
Que guapo escuchar a Luisito en varios Idiomas por la Inteligencia Artificial. No sabÃ­a que ya se estaba aplicando a los vÃ­deossi llevaremos como un aÃ±o conociendo sobre el avance en clonaciÃ³n de voz. Si esto acaba en Terminator que nos toque el bueno de la segunda parte.que pasa ? Soy un poco friki de Terminator.,1 year ago
â€‹Â @tavomontana3302Â te faltÃ³ poner en tu comentario. Atentamente: familiar de algÃºn angelito que pertenecÃ­a a pandillas q esta encerradoğŸ˜…,1 year ago (edited)
â€‹Â @tavomontana3302Â  estÃ¡n en nicaragua xq sino allÃ­ estuvieran con las pandillas enserrados,1 year ago (edited)
â€‹Â @tavomontana3302Â eres del salvador? Mataron a un familiar tuyo? Puedes responder?ğŸ˜‚ğŸ˜‚ğŸ˜‚,1 month ago
Jajajaja lo mejor es que gracias a la IA podemos escucharte en ruso hindi... Jajaja luisito francÃ©s tambiÃ©n...,1 year ago
Bukele es el Salvador gracias a Ã©l y su gestiÃ³n en la presidencia. Saludos desde PerÃºğŸ‡µğŸ‡ª ğŸ‰,1 year ago
"â€‹Â @theloyal5831Â 
Averigua la cantidad de zombies drogados que caminan por sus calles",1 year ago (edited)
Â @DanielMartinez-hi5cvÂ  estas en lo cierto amigo este hombre de verdad ama su pais eso si es amor puro e incondicional a sus hermanos salvadoreÃ±os ğŸ‘ğŸ‘,1 year ago (edited)
Que alivio,1 year ago
El salvador fue salvado literalmente. OjalÃ¡ hicieran lo mismo en las prisiones de Venezuela... AcÃ¡ los presos viven como reyes esto en vez de prisiones parecen hoteles muy grandes...,1 year ago
Luisito mi tio esta en esa carcel soy salvadoreÃ±a,10 months ago
Â @tavomontana3302Â  el echo de que seas pobre no te da derecho de volverte un criminal tener una infancia difÃ­cil tampoco es excusa vivir en un barrio complicado tampoco. En los barrios hay mucha gente pobre y buena. El que se tuerce es porque quiere,1 year ago (edited)
Y en la madre patria tambiÃ©n necesitamos un Bukele urgentemente,6 months ago
AsÃ­ es necesitamos de esas cÃ¡rceles reglas y un bukele en MÃ©xico,1 year ago
Lo que LatinoamÃ©rica y el mundo en general lo que necesita es educaciÃ³n y tambiÃ©n polÃ­ticos que no sean corruptos asÃ­ como igualdad de condiciones para las personas muchos de los criminales del futuro estÃ¡n siendo hoy marginados. Justicia y cÃ¡rcel si pero muchas cosas se podrÃ­an evitar.. por otro lado cuantos criminales de etiqueta (que deciden guerras venta de armas y un largo etcÃ©tera deberÃ­an estar encerrados y sin embargo disfrutan de prestigio social y dinero?),1 year ago
PÃ³nganle en idioma japonÃ©s y estÃ¡ bien chistoso se miaran de risa  aclarando mis respetos para todas la lenguas ,1 year ago
"La cÃ¡rcel del Salvador ""hoy"" es la manifestaciÃ³n evidente de lo que significa ""justicia"". 
Absolutamente todo cada detalle ahÃ­ dentro es inspirado en el espÃ­ritu de la justicia. Impresiona? Claro que sÃ­... Pero es mÃ¡s edificante al ser humano ese tipo de Impresiones  que impresionarse de mÃ¡s y mÃ¡s maldad. Bendito sea el presidente Bukele pero mÃ¡s Bendito es Dios que lo puso para administrar ese paÃ­s.",1 year ago
Grande Luisito ya era de dar el salto a aguas internacionales. Un abrazo de PerÃº y exitos hermano,1 year ago
Es un asesino,1 year ago
Hola Luisito saludos desde Puebla Puebla ğŸ˜ŠğŸ˜ŠğŸ˜ŠğŸ˜…,1 year ago
Dios bendiga a tu Presidente ğŸ™,1 year ago
Bendiciones,1 month ago
Interesante âœ¨ no lo habÃ­a notado.,1 year ago
Viendo en japonÃ©sğŸ‡¯ğŸ‡µğŸ˜‚,1 year ago
Olovorgo,1 year ago
Te felicito un gran trabajo ya me suscribÃ­ a tu canal lo mereces ..,1 year ago
"Â @HugoHenriquez666Â  tus vivencias personales no son argumentos..
 Se deben atender las causas que hacen que esos individuos lleguen hacer eso.. porque si no nunca va a acabar si sigue la pobreza y miseria y desigualdad en el salvador por ejemplo.
Me pregunto si en el salvador las mujeres no sufren acoso o violencia en sus casas.. nadie lo sabrÃ¡",1 year ago (edited)
Me alegro mucho por ustedesâ¤,1 year ago
Me alegro y bendigo a ese presidente y que Dios todo poderoso lo siga bendiciendo,1 year ago
Soy SalvadoreÃ±o y quiero agradecerte por este reportaje que el mundo conozca la verdad de lo que nuestro pueblo a sufrido que conozcan que ahora las cosas son diferentes! Dios te bendiga a ti y a nuestro amado El Salvador,1 year ago
â€‹Â @andreschaparro7063Â Pues yo pido a Dios que nos dÃ© a Bukele para muchos aÃ±os...,1 year ago (edited)
EstÃ¡ bastante bien esa IA el ingles algo quebrado pero se entiende totalmente.,1 year ago
a lo que llega la IA,1 year ago
"Â @Luis_51Â 
Vi",1 year ago (edited)
I dont undestand,1 year ago
Es un verdadero Patriota Bukele yo lo comparo con Zapata que desgracia del kks en Mexico,1 year ago
GRACIAS POR ESTE IMPRESIONANTE Y VALIENTE VIDEO!  QUISIERAMOS EN MEXICO TENER UN BUKELE  OJALA ADELA MICHA VEA TU REPORTAJE  Y EL PENSAR DE TODOS LOS CIUDADANOS SALVADOREÃ‘OS.   ES MUY BUENA PERIODISTA SOY SU FAN   PERO DIFIERO EN LOS COMENTARIOS QUE HIZO AL REFERIRSE  A  BUKELE POR SU RE ELECCION YO TAMBIEN HUBIERA VOTADO POR EL,1 year ago
Saludos desde Honduras,1 year ago
E aqui no Brasil que os bandidos vivem como se fosse em um palacioisso quando nÃ£o Ã© solto por essa justiÃ§a vagabunda que temos aqui no Brasil,1 year ago
"Â @jerbin85Â 
Dos preguntas:
Eres SalvadoreÃ±o?
Tienes pruebas de lo que dices?",1 year ago (edited)
â€‹Â @Luis_51Â y ese chambre el primer requisito para entrar al CECOT es tener pertenencia no es muy facil entrar asi por asi si para ti los ases1n0s son humildes mereces estar preso,1 year ago (edited)
â€‹Â @JuniorVindelÂ  HECHA LAPIZ QUE ESOS PAISES TIENEN MUCHISIMO MAS PRESUPUESTOS QUE EL SALVADOR UN PAIS POBRE CON UNA GRAN DEUDA CUANDO LLEGO BUKELE!! SINEMBARGO EL FUE CAPAS TUVO LA VOLUNTAD DE HASERLO!!,1 year ago (edited)
No manches Luis!!! Hablas todos esos idiomas???? Que impresionante!,1 year ago
Mejor hay que agradecer que tenemos a un gran presidente nuestro cabecita de algodÃ³n ğŸ˜Š,1 year ago
NECESITAMOS UN BUKELE EN MÃ‰XICO ğŸ‡²ğŸ‡½,1 year ago
